{"all":{"ABW":{"filename":"ABW.geojson","countryName":"Aruba"},"AFG":{"filename":"AFG.geojson","countryName":"Afghanistan"},"AGO":{"filename":"AGO.geojson","countryName":"Angola"},"AIA":{"filename":"AIA.geojson","countryName":"Anguilla"},"ALB":{"filename":"ALB.geojson","countryName":"Albania"},"ALA":{"filename":"ALA.geojson","countryName":"Aland"},"AND":{"filename":"AND.geojson","countryName":"Andorra"},"ARE":{"filename":"ARE.geojson","countryName":"United Arab Emirates"},"ARG":{"filename":"ARG.geojson","countryName":"Argentina"},"ARM":{"filename":"ARM.geojson","countryName":"Armenia"},"ASM":{"filename":"ASM.geojson","countryName":"American Samoa"},"ATA":{"filename":"ATA.geojson","countryName":"Antarctica"},"ashmoreandcartieris":{"filename":"ashmoreandcartieris.geojson","countryName":"Ashmore and Cartier Is."},"ATF":{"filename":"ATF.geojson","countryName":"Fr. S. Antarctic Lands"},"ATG":{"filename":"ATG.geojson","countryName":"Antigua and Barb."},"AUS":{"filename":"AUS.geojson","countryName":"Australia"},"AUT":{"filename":"AUT.geojson","countryName":"Austria"},"AZE":{"filename":"AZE.geojson","countryName":"Azerbaijan"},"BDI":{"filename":"BDI.geojson","countryName":"Burundi"},"BEL":{"filename":"BEL.geojson","countryName":"Belgium"},"BEN":{"filename":"BEN.geojson","countryName":"Benin"},"BFA":{"filename":"BFA.geojson","countryName":"Burkina Faso"},"BGD":{"filename":"BGD.geojson","countryName":"Bangladesh"},"BGR":{"filename":"BGR.geojson","countryName":"Bulgaria"},"BHR":{"filename":"BHR.geojson","countryName":"Bahrain"},"BHS":{"filename":"BHS.geojson","countryName":"Bahamas"},"BIH":{"filename":"BIH.geojson","countryName":"Bosnia and Herz."},"BLM":{"filename":"BLM.geojson","countryName":"St-Barthélemy"},"BLR":{"filename":"BLR.geojson","countryName":"Belarus"},"BLZ":{"filename":"BLZ.geojson","countryName":"Belize"},"BMU":{"filename":"BMU.geojson","countryName":"Bermuda"},"BOL":{"filename":"BOL.geojson","countryName":"Bolivia"},"BRA":{"filename":"BRA.geojson","countryName":"Brazil"},"BRB":{"filename":"BRB.geojson","countryName":"Barbados"},"BRN":{"filename":"BRN.geojson","countryName":"Brunei"},"BTN":{"filename":"BTN.geojson","countryName":"Bhutan"},"BWA":{"filename":"BWA.geojson","countryName":"Botswana"},"CAF":{"filename":"CAF.geojson","countryName":"Central African Rep."},"CAN":{"filename":"CAN.geojson","countryName":"Canada"},"CHE":{"filename":"CHE.geojson","countryName":"Switzerland"},"CHL":{"filename":"CHL.geojson","countryName":"Chile"},"CHN":{"filename":"CHN.geojson","countryName":"China"},"CIV":{"filename":"CIV.geojson","countryName":"Côte d'Ivoire"},"CMR":{"filename":"CMR.geojson","countryName":"Cameroon"},"COD":{"filename":"COD.geojson","countryName":"Dem. Rep. Congo"},"COG":{"filename":"COG.geojson","countryName":"Congo"},"COK":{"filename":"COK.geojson","countryName":"Cook Is."},"COL":{"filename":"COL.geojson","countryName":"Colombia"},"COM":{"filename":"COM.geojson","countryName":"Comoros"},"CPV":{"filename":"CPV.geojson","countryName":"Cape Verde"},"CRI":{"filename":"CRI.geojson","countryName":"Costa Rica"},"CUB":{"filename":"CUB.geojson","countryName":"Cuba"},"CUW":{"filename":"CUW.geojson","countryName":"Curaçao"},"CYM":{"filename":"CYM.geojson","countryName":"Cayman Is."},"CYN":{"filename":"CYN.geojson","countryName":"N. Cyprus"},"CYP":{"filename":"CYP.geojson","countryName":"Cyprus"},"CZE":{"filename":"CZE.geojson","countryName":"Czech Rep."},"DEU":{"filename":"DEU.geojson","countryName":"Germany"},"DJI":{"filename":"DJI.geojson","countryName":"Djibouti"},"DMA":{"filename":"DMA.geojson","countryName":"Dominica"},"DNK":{"filename":"DNK.geojson","countryName":"Denmark"},"DOM":{"filename":"DOM.geojson","countryName":"Dominican Rep."},"DZA":{"filename":"DZA.geojson","countryName":"Algeria"},"ECU":{"filename":"ECU.geojson","countryName":"Ecuador"},"EGY":{"filename":"EGY.geojson","countryName":"Egypt"},"ERI":{"filename":"ERI.geojson","countryName":"Eritrea"},"ESP":{"filename":"ESP.geojson","countryName":"Spain"},"EST":{"filename":"EST.geojson","countryName":"Estonia"},"ETH":{"filename":"ETH.geojson","countryName":"Ethiopia"},"FIN":{"filename":"FIN.geojson","countryName":"Finland"},"FJI":{"filename":"FJI.geojson","countryName":"Fiji"},"FLK":{"filename":"FLK.geojson","countryName":"Falkland Is."},"FRA":{"filename":"FRA.geojson","countryName":"France"},"FRO":{"filename":"FRO.geojson","countryName":"Faeroe Is."},"FSM":{"filename":"FSM.geojson","countryName":"Micronesia"},"GAB":{"filename":"GAB.geojson","countryName":"Gabon"},"GBR":{"filename":"GBR.geojson","countryName":"United Kingdom"},"GEO":{"filename":"GEO.geojson","countryName":"Georgia"},"GGY":{"filename":"GGY.geojson","countryName":"Guernsey"},"GHA":{"filename":"GHA.geojson","countryName":"Ghana"},"GIN":{"filename":"GIN.geojson","countryName":"Guinea"},"GMB":{"filename":"GMB.geojson","countryName":"Gambia"},"GNB":{"filename":"GNB.geojson","countryName":"Guinea-Bissau"},"GNQ":{"filename":"GNQ.geojson","countryName":"Eq. Guinea"},"GRC":{"filename":"GRC.geojson","countryName":"Greece"},"GRD":{"filename":"GRD.geojson","countryName":"Grenada"},"GRL":{"filename":"GRL.geojson","countryName":"Greenland"},"GTM":{"filename":"GTM.geojson","countryName":"Guatemala"},"GUM":{"filename":"GUM.geojson","countryName":"Guam"},"GUY":{"filename":"GUY.geojson","countryName":"Guyana"},"HKG":{"filename":"HKG.geojson","countryName":"Hong Kong"},"HMD":{"filename":"HMD.geojson","countryName":"Heard I. and McDonald Is."},"HND":{"filename":"HND.geojson","countryName":"Honduras"},"HRV":{"filename":"HRV.geojson","countryName":"Croatia"},"HTI":{"filename":"HTI.geojson","countryName":"Haiti"},"HUN":{"filename":"HUN.geojson","countryName":"Hungary"},"IDN":{"filename":"IDN.geojson","countryName":"Indonesia"},"IMN":{"filename":"IMN.geojson","countryName":"Isle of Man"},"IND":{"filename":"IND.geojson","countryName":"India"},"indianoceanter":{"filename":"indianoceanter.geojson","countryName":"Indian Ocean Ter."},"IOT":{"filename":"IOT.geojson","countryName":"Br. Indian Ocean Ter."},"IRL":{"filename":"IRL.geojson","countryName":"Ireland"},"IRN":{"filename":"IRN.geojson","countryName":"Iran"},"IRQ":{"filename":"IRQ.geojson","countryName":"Iraq"},"ISL":{"filename":"ISL.geojson","countryName":"Iceland"},"ISR":{"filename":"ISR.geojson","countryName":"Israel"},"ITA":{"filename":"ITA.geojson","countryName":"Italy"},"JAM":{"filename":"JAM.geojson","countryName":"Jamaica"},"JEY":{"filename":"JEY.geojson","countryName":"Jersey"},"JOR":{"filename":"JOR.geojson","countryName":"Jordan"},"JPN":{"filename":"JPN.geojson","countryName":"Japan"},"siachenglacier":{"filename":"siachenglacier.geojson","countryName":"Siachen Glacier"},"KAZ":{"filename":"KAZ.geojson","countryName":"Kazakhstan"},"KEN":{"filename":"KEN.geojson","countryName":"Kenya"},"KGZ":{"filename":"KGZ.geojson","countryName":"Kyrgyzstan"},"KHM":{"filename":"KHM.geojson","countryName":"Cambodia"},"KIR":{"filename":"KIR.geojson","countryName":"Kiribati"},"KNA":{"filename":"KNA.geojson","countryName":"St. Kitts and Nevis"},"KOR":{"filename":"KOR.geojson","countryName":"Korea"},"KOS":{"filename":"KOS.geojson","countryName":"Kosovo"},"KWT":{"filename":"KWT.geojson","countryName":"Kuwait"},"LAO":{"filename":"LAO.geojson","countryName":"Lao PDR"},"LBN":{"filename":"LBN.geojson","countryName":"Lebanon"},"LBR":{"filename":"LBR.geojson","countryName":"Liberia"},"LBY":{"filename":"LBY.geojson","countryName":"Libya"},"LCA":{"filename":"LCA.geojson","countryName":"Saint Lucia"},"LIE":{"filename":"LIE.geojson","countryName":"Liechtenstein"},"LKA":{"filename":"LKA.geojson","countryName":"Sri Lanka"},"LSO":{"filename":"LSO.geojson","countryName":"Lesotho"},"LTU":{"filename":"LTU.geojson","countryName":"Lithuania"},"LUX":{"filename":"LUX.geojson","countryName":"Luxembourg"},"LVA":{"filename":"LVA.geojson","countryName":"Latvia"},"MAC":{"filename":"MAC.geojson","countryName":"Macao"},"MAF":{"filename":"MAF.geojson","countryName":"St-Martin"},"MAR":{"filename":"MAR.geojson","countryName":"Morocco"},"MCO":{"filename":"MCO.geojson","countryName":"Monaco"},"MDA":{"filename":"MDA.geojson","countryName":"Moldova"},"MDG":{"filename":"MDG.geojson","countryName":"Madagascar"},"MDV":{"filename":"MDV.geojson","countryName":"Maldives"},"MEX":{"filename":"MEX.geojson","countryName":"Mexico"},"MHL":{"filename":"MHL.geojson","countryName":"Marshall Is."},"MKD":{"filename":"MKD.geojson","countryName":"Macedonia"},"MLI":{"filename":"MLI.geojson","countryName":"Mali"},"MLT":{"filename":"MLT.geojson","countryName":"Malta"},"MMR":{"filename":"MMR.geojson","countryName":"Myanmar"},"MNE":{"filename":"MNE.geojson","countryName":"Montenegro"},"MNG":{"filename":"MNG.geojson","countryName":"Mongolia"},"MNP":{"filename":"MNP.geojson","countryName":"N. Mariana Is."},"MOZ":{"filename":"MOZ.geojson","countryName":"Mozambique"},"MRT":{"filename":"MRT.geojson","countryName":"Mauritania"},"MSR":{"filename":"MSR.geojson","countryName":"Montserrat"},"MUS":{"filename":"MUS.geojson","countryName":"Mauritius"},"MWI":{"filename":"MWI.geojson","countryName":"Malawi"},"MYS":{"filename":"MYS.geojson","countryName":"Malaysia"},"NAM":{"filename":"NAM.geojson","countryName":"Namibia"},"NCL":{"filename":"NCL.geojson","countryName":"New Caledonia"},"NER":{"filename":"NER.geojson","countryName":"Niger"},"NFK":{"filename":"NFK.geojson","countryName":"Norfolk Island"},"NGA":{"filename":"NGA.geojson","countryName":"Nigeria"},"NIC":{"filename":"NIC.geojson","countryName":"Nicaragua"},"NIU":{"filename":"NIU.geojson","countryName":"Niue"},"NLD":{"filename":"NLD.geojson","countryName":"Netherlands"},"NOR":{"filename":"NOR.geojson","countryName":"Norway"},"NPL":{"filename":"NPL.geojson","countryName":"Nepal"},"NRU":{"filename":"NRU.geojson","countryName":"Nauru"},"NZL":{"filename":"NZL.geojson","countryName":"New Zealand"},"OMN":{"filename":"OMN.geojson","countryName":"Oman"},"PAK":{"filename":"PAK.geojson","countryName":"Pakistan"},"PAN":{"filename":"PAN.geojson","countryName":"Panama"},"PCN":{"filename":"PCN.geojson","countryName":"Pitcairn Is."},"PER":{"filename":"PER.geojson","countryName":"Peru"},"PHL":{"filename":"PHL.geojson","countryName":"Philippines"},"PLW":{"filename":"PLW.geojson","countryName":"Palau"},"PNG":{"filename":"PNG.geojson","countryName":"Papua New Guinea"},"POL":{"filename":"POL.geojson","countryName":"Poland"},"PRI":{"filename":"PRI.geojson","countryName":"Puerto Rico"},"PRK":{"filename":"PRK.geojson","countryName":"Dem. Rep. Korea"},"PRT":{"filename":"PRT.geojson","countryName":"Portugal"},"PRY":{"filename":"PRY.geojson","countryName":"Paraguay"},"PSE":{"filename":"PSE.geojson","countryName":"Palestine"},"PYF":{"filename":"PYF.geojson","countryName":"Fr. Polynesia"},"QAT":{"filename":"QAT.geojson","countryName":"Qatar"},"ROU":{"filename":"ROU.geojson","countryName":"Romania"},"RUS":{"filename":"RUS.geojson","countryName":"Russia"},"RWA":{"filename":"RWA.geojson","countryName":"Rwanda"},"ESH":{"filename":"ESH.geojson","countryName":"W. Sahara"},"SAU":{"filename":"SAU.geojson","countryName":"Saudi Arabia"},"SDN":{"filename":"SDN.geojson","countryName":"Sudan"},"SSD":{"filename":"SSD.geojson","countryName":"S. Sudan"},"SEN":{"filename":"SEN.geojson","countryName":"Senegal"},"SGP":{"filename":"SGP.geojson","countryName":"Singapore"},"SGS":{"filename":"SGS.geojson","countryName":"S. Geo. and S. Sandw. Is."},"SHN":{"filename":"SHN.geojson","countryName":"Saint Helena"},"SLB":{"filename":"SLB.geojson","countryName":"Solomon Is."},"SLE":{"filename":"SLE.geojson","countryName":"Sierra Leone"},"SLV":{"filename":"SLV.geojson","countryName":"El Salvador"},"SMR":{"filename":"SMR.geojson","countryName":"San Marino"},"somaliland":{"filename":"somaliland.geojson","countryName":"Somaliland"},"SOM":{"filename":"SOM.geojson","countryName":"Somalia"},"SPM":{"filename":"SPM.geojson","countryName":"St. Pierre and Miquelon"},"SRB":{"filename":"SRB.geojson","countryName":"Serbia"},"STP":{"filename":"STP.geojson","countryName":"São Tomé and Principe"},"SUR":{"filename":"SUR.geojson","countryName":"Suriname"},"SVK":{"filename":"SVK.geojson","countryName":"Slovakia"},"SVN":{"filename":"SVN.geojson","countryName":"Slovenia"},"SWE":{"filename":"SWE.geojson","countryName":"Sweden"},"SWZ":{"filename":"SWZ.geojson","countryName":"Swaziland"},"SXM":{"filename":"SXM.geojson","countryName":"Sint Maarten"},"SYC":{"filename":"SYC.geojson","countryName":"Seychelles"},"SYR":{"filename":"SYR.geojson","countryName":"Syria"},"TCA":{"filename":"TCA.geojson","countryName":"Turks and Caicos Is."},"TCD":{"filename":"TCD.geojson","countryName":"Chad"},"TGO":{"filename":"TGO.geojson","countryName":"Togo"},"THA":{"filename":"THA.geojson","countryName":"Thailand"},"TJK":{"filename":"TJK.geojson","countryName":"Tajikistan"},"TKM":{"filename":"TKM.geojson","countryName":"Turkmenistan"},"TLS":{"filename":"TLS.geojson","countryName":"Timor-Leste"},"TON":{"filename":"TON.geojson","countryName":"Tonga"},"TTO":{"filename":"TTO.geojson","countryName":"Trinidad and Tobago"},"TUN":{"filename":"TUN.geojson","countryName":"Tunisia"},"TUR":{"filename":"TUR.geojson","countryName":"Turkey"},"TWN":{"filename":"TWN.geojson","countryName":"Taiwan"},"TZA":{"filename":"TZA.geojson","countryName":"Tanzania"},"UGA":{"filename":"UGA.geojson","countryName":"Uganda"},"UKR":{"filename":"UKR.geojson","countryName":"Ukraine"},"URY":{"filename":"URY.geojson","countryName":"Uruguay"},"USA":{"filename":"USA.geojson","countryName":"United States"},"UZB":{"filename":"UZB.geojson","countryName":"Uzbekistan"},"VAT":{"filename":"VAT.geojson","countryName":"Vatican"},"VCT":{"filename":"VCT.geojson","countryName":"St. Vin. and Gren."},"VEN":{"filename":"VEN.geojson","countryName":"Venezuela"},"VGB":{"filename":"VGB.geojson","countryName":"British Virgin Is."},"VIR":{"filename":"VIR.geojson","countryName":"U.S. Virgin Is."},"VNM":{"filename":"VNM.geojson","countryName":"Vietnam"},"VUT":{"filename":"VUT.geojson","countryName":"Vanuatu"},"WLF":{"filename":"WLF.geojson","countryName":"Wallis and Futuna Is."},"WSM":{"filename":"WSM.geojson","countryName":"Samoa"},"YEM":{"filename":"YEM.geojson","countryName":"Yemen"},"ZAF":{"filename":"ZAF.geojson","countryName":"South Africa"},"ZMB":{"filename":"ZMB.geojson","countryName":"Zambia"},"ZWE":{"filename":"ZWE.geojson","countryName":"Zimbabwe"}},"North America":{"Aruba":"ABW.geojson","Anguilla":"AIA.geojson","Antigua and Barb.":"ATG.geojson","Bahamas":"BHS.geojson","St-Barthélemy":"BLM.geojson","Belize":"BLZ.geojson","Bermuda":"BMU.geojson","Barbados":"BRB.geojson","Canada":"CAN.geojson","Costa Rica":"CRI.geojson","Cuba":"CUB.geojson","Curaçao":"CUW.geojson","Cayman Is.":"CYM.geojson","Dominica":"DMA.geojson","Dominican Rep.":"DOM.geojson","Grenada":"GRD.geojson","Greenland":"GRL.geojson","Guatemala":"GTM.geojson","Honduras":"HND.geojson","Haiti":"HTI.geojson","Jamaica":"JAM.geojson","St. Kitts and Nevis":"KNA.geojson","Saint Lucia":"LCA.geojson","St-Martin":"MAF.geojson","Mexico":"MEX.geojson","Montserrat":"MSR.geojson","Nicaragua":"NIC.geojson","Panama":"PAN.geojson","Puerto Rico":"PRI.geojson","El Salvador":"SLV.geojson","St. Pierre and Miquelon":"SPM.geojson","Sint Maarten":"SXM.geojson","Turks and Caicos Is.":"TCA.geojson","Trinidad and Tobago":"TTO.geojson","United States":"USA.geojson","St. Vin. and Gren.":"VCT.geojson","British Virgin Is.":"VGB.geojson","U.S. Virgin Is.":"VIR.geojson"},"Asia":{"Afghanistan":"AFG.geojson","United Arab Emirates":"ARE.geojson","Armenia":"ARM.geojson","Azerbaijan":"AZE.geojson","Bangladesh":"BGD.geojson","Bahrain":"BHR.geojson","Brunei":"BRN.geojson","Bhutan":"BTN.geojson","China":"CHN.geojson","N. Cyprus":"CYN.geojson","Cyprus":"CYP.geojson","Georgia":"GEO.geojson","Hong Kong":"HKG.geojson","Indonesia":"IDN.geojson","India":"IND.geojson","Indian Ocean Ter.":"indianoceanter.geojson","Iran":"IRN.geojson","Iraq":"IRQ.geojson","Israel":"ISR.geojson","Jordan":"JOR.geojson","Japan":"JPN.geojson","Siachen Glacier":"siachenglacier.geojson","Kazakhstan":"KAZ.geojson","Kyrgyzstan":"KGZ.geojson","Cambodia":"KHM.geojson","Korea":"KOR.geojson","Kuwait":"KWT.geojson","Lao PDR":"LAO.geojson","Lebanon":"LBN.geojson","Sri Lanka":"LKA.geojson","Macao":"MAC.geojson","Myanmar":"MMR.geojson","Mongolia":"MNG.geojson","Malaysia":"MYS.geojson","Nepal":"NPL.geojson","Oman":"OMN.geojson","Pakistan":"PAK.geojson","Philippines":"PHL.geojson","Dem. Rep. Korea":"PRK.geojson","Palestine":"PSE.geojson","Qatar":"QAT.geojson","Saudi Arabia":"SAU.geojson","Singapore":"SGP.geojson","Syria":"SYR.geojson","Thailand":"THA.geojson","Tajikistan":"TJK.geojson","Turkmenistan":"TKM.geojson","Timor-Leste":"TLS.geojson","Turkey":"TUR.geojson","Taiwan":"TWN.geojson","Uzbekistan":"UZB.geojson","Vietnam":"VNM.geojson","Yemen":"YEM.geojson"},"Africa":{"Angola":"AGO.geojson","Burundi":"BDI.geojson","Benin":"BEN.geojson","Burkina Faso":"BFA.geojson","Botswana":"BWA.geojson","Central African Rep.":"CAF.geojson","Côte d'Ivoire":"CIV.geojson","Cameroon":"CMR.geojson","Dem. Rep. Congo":"COD.geojson","Congo":"COG.geojson","Comoros":"COM.geojson","Cape Verde":"CPV.geojson","Djibouti":"DJI.geojson","Algeria":"DZA.geojson","Egypt":"EGY.geojson","Eritrea":"ERI.geojson","Ethiopia":"ETH.geojson","Gabon":"GAB.geojson","Ghana":"GHA.geojson","Guinea":"GIN.geojson","Gambia":"GMB.geojson","Guinea-Bissau":"GNB.geojson","Eq. Guinea":"GNQ.geojson","Kenya":"KEN.geojson","Liberia":"LBR.geojson","Libya":"LBY.geojson","Lesotho":"LSO.geojson","Morocco":"MAR.geojson","Madagascar":"MDG.geojson","Mali":"MLI.geojson","Mozambique":"MOZ.geojson","Mauritania":"MRT.geojson","Malawi":"MWI.geojson","Namibia":"NAM.geojson","Niger":"NER.geojson","Nigeria":"NGA.geojson","Rwanda":"RWA.geojson","W. Sahara":"ESH.geojson","Sudan":"SDN.geojson","S. Sudan":"SSD.geojson","Senegal":"SEN.geojson","Sierra Leone":"SLE.geojson","Somaliland":"somaliland.geojson","Somalia":"SOM.geojson","São Tomé and Principe":"STP.geojson","Swaziland":"SWZ.geojson","Chad":"TCD.geojson","Togo":"TGO.geojson","Tunisia":"TUN.geojson","Tanzania":"TZA.geojson","Uganda":"UGA.geojson","South Africa":"ZAF.geojson","Zambia":"ZMB.geojson","Zimbabwe":"ZWE.geojson"},"Europe":{"Albania":"ALB.geojson","Aland":"ALA.geojson","Andorra":"AND.geojson","Austria":"AUT.geojson","Belgium":"BEL.geojson","Bulgaria":"BGR.geojson","Bosnia and Herz.":"BIH.geojson","Belarus":"BLR.geojson","Switzerland":"CHE.geojson","Czech Rep.":"CZE.geojson","Germany":"DEU.geojson","Denmark":"DNK.geojson","Spain":"ESP.geojson","Estonia":"EST.geojson","Finland":"FIN.geojson","France":"FRA.geojson","Faeroe Is.":"FRO.geojson","United Kingdom":"GBR.geojson","Guernsey":"GGY.geojson","Greece":"GRC.geojson","Croatia":"HRV.geojson","Hungary":"HUN.geojson","Isle of Man":"IMN.geojson","Ireland":"IRL.geojson","Iceland":"ISL.geojson","Italy":"ITA.geojson","Jersey":"JEY.geojson","Kosovo":"KOS.geojson","Liechtenstein":"LIE.geojson","Lithuania":"LTU.geojson","Luxembourg":"LUX.geojson","Latvia":"LVA.geojson","Monaco":"MCO.geojson","Moldova":"MDA.geojson","Macedonia":"MKD.geojson","Malta":"MLT.geojson","Montenegro":"MNE.geojson","Netherlands":"NLD.geojson","Norway":"NOR.geojson","Poland":"POL.geojson","Portugal":"PRT.geojson","Romania":"ROU.geojson","Russia":"RUS.geojson","San Marino":"SMR.geojson","Serbia":"SRB.geojson","Slovakia":"SVK.geojson","Slovenia":"SVN.geojson","Sweden":"SWE.geojson","Ukraine":"UKR.geojson","Vatican":"VAT.geojson"},"South America":{"Argentina":"ARG.geojson","Bolivia":"BOL.geojson","Brazil":"BRA.geojson","Chile":"CHL.geojson","Colombia":"COL.geojson","Ecuador":"ECU.geojson","Falkland Is.":"FLK.geojson","Guyana":"GUY.geojson","Peru":"PER.geojson","Paraguay":"PRY.geojson","Suriname":"SUR.geojson","Uruguay":"URY.geojson","Venezuela":"VEN.geojson"},"Oceania":{"American Samoa":"ASM.geojson","Ashmore and Cartier Is.":"ashmoreandcartieris.geojson","Australia":"AUS.geojson","Cook Is.":"COK.geojson","Fiji":"FJI.geojson","Micronesia":"FSM.geojson","Guam":"GUM.geojson","Kiribati":"KIR.geojson","Marshall Is.":"MHL.geojson","N. Mariana Is.":"MNP.geojson","New Caledonia":"NCL.geojson","Norfolk Island":"NFK.geojson","Niue":"NIU.geojson","Nauru":"NRU.geojson","New Zealand":"NZL.geojson","Pitcairn Is.":"PCN.geojson","Palau":"PLW.geojson","Papua New Guinea":"PNG.geojson","Fr. Polynesia":"PYF.geojson","Solomon Is.":"SLB.geojson","Tonga":"TON.geojson","Vanuatu":"VUT.geojson","Wallis and Futuna Is.":"WLF.geojson","Samoa":"WSM.geojson"},"Antarctica":{"Antarctica":"ATA.geojson"},"Seven seas (open ocean)":{"Fr. S. Antarctic Lands":"ATF.geojson","Heard I. and McDonald Is.":"HMD.geojson","Br. Indian Ocean Ter.":"IOT.geojson","Maldives":"MDV.geojson","Mauritius":"MUS.geojson","S. Geo. and S. Sandw. Is.":"SGS.geojson","Saint Helena":"SHN.geojson","Seychelles":"SYC.geojson"}}