id,iso_2,iso_3,country_en,country_cz,latitude,longitude,country,T1990,T1995,T2000,T2005,T2010,T2015,T2019,M1990,M1995,M2000,M2005,M2010,M2015,M2019,F1990,F1995,F2000,F2005,F2010,F2015,F2019
4,AF,AFG,Afghanistan,Afghánistán,33.93911,67.709953,Afghanistan,57686.0,71522.0,75917.0,87300.0,102246,489749,149762,32558.0,39105.0,42848.0,49274.0,57709,248212,74974,25128.0,32417.0,33069.0,38026.0,44537,241537,74788
8,AL,ALB,Albania,Albánie,41.153332,20.168331,Albania,66013.0,71354.0,76695.0,64739.0,52784,52031,49160,30579.0,33284.0,35990.0,32993.0,26901,26517,25054,35434.0,38070.0,40705.0,31746.0,25883,25514,24106
12,DZ,DZA,Algeria,Alžírsko,28.033886,1.6596259999999998,Algeria,273954.0,262032.0,250110.0,197422.0,216964,239473,249075,150234.0,143696.0,137158.0,108266.0,114727,126522,131596,123720.0,118336.0,112952.0,89156.0,102237,112951,117479
16,AS,ASM,American Samoa,Americká Samoa,-14.270972,-170.132217,American Samoa,21283.0,23098.0,24912.0,24233.0,23555,23513,23539,11175.0,12037.0,12898.0,12498.0,12098,11998,12012,10108.0,11061.0,12014.0,11735.0,11457,11515,11527
20,AD,AND,Andorra,Andorra,42.546245,1.601554,Andorra,38891.0,44206.0,42147.0,50298.0,52053,42264,45102,20990.0,23588.0,22093.0,26466.0,27287,21485,23091,17901.0,20618.0,20054.0,23832.0,24766,20779,22011
24,AO,AGO,Angola,Angola,-11.202692,17.873887,Angola,33517.0,39813.0,46108.0,61329.0,332126,632178,669479,18142.0,20755.0,23367.0,30240.0,160275,304635,341719,15375.0,19058.0,22741.0,31089.0,171851,327543,327760
28,AG,ATG,Antigua and Barbuda,Antigua a Barbuda,17.060816,-61.79642800000001,Antigua and Barbuda,12029.0,17550.0,23071.0,24741.0,26412,28083,29207,5775.0,8046.0,10316.0,11052.0,11788,12524,13026,6254.0,9504.0,12755.0,13689.0,14624,15559,16181
31,AZ,AZE,Azerbaijan,Ázerbájdžán,40.143105,47.57692700000001,Azerbaijan,360600.0,344070.0,327540.0,302220.0,276901,264241,253887,157856.0,149509.0,141161.0,135336.0,129512,126600,121640,202744.0,194561.0,186379.0,166884.0,147389,137641,132247
32,AR,ARG,Argentina,Argentina,-38.416097,-63.616672,Argentina,1649919.0,1595069.0,1540219.0,1673088.0,1805957,2086302,2212879,788130.0,753027.0,717924.0,774810.0,831696,960310,1018573,861789.0,842042.0,822295.0,898278.0,974261,1125992,1194306
36,AU,AUS,Australia,Austrálie,-25.274398,133.775136,Australia,3955213.0,4153330.0,4386250.0,4878030.0,5882980,6729730,7549270,2013196.0,2093280.0,2189900.0,2419190.0,2922030,3343330,3744438,1942017.0,2060050.0,2196350.0,2458840.0,2960950,3386400,3804832
40,AT,AUT,Austria,Rakousko,47.516231,14.550072,Austria,793239.0,894893.0,996547.0,1136270.0,1275992,1492374,1779857,368287.0,423302.0,478318.0,543618.0,608918,716470,873536,424952.0,471591.0,518229.0,592652.0,667074,775904,906321
44,BS,BHS,Bahamas (the),Bahamy,25.03428,-77.39628,Bahamas,26855.0,31654.0,36454.0,45595.0,54736,59306,62962,13827.0,16620.0,19414.0,23646.0,27878,29994,31844,13028.0,15034.0,17040.0,21949.0,26858,29312,31118
48,BH,BHR,Bahrain,Bahrajn,25.930414000000006,50.637772,Bahrain,173212.0,205979.0,239361.0,404018.0,657856,704137,741161,122730.0,144227.0,165344.0,288614.0,475905,508966,535728,50482.0,61752.0,74017.0,115404.0,181951,195171,205433
50,BD,BGD,Bangladesh,Bangladéš,23.684994,90.356331,Bangladesh,881617.0,934735.0,987853.0,1166700.0,1345546,1422805,2185613,476097.0,503989.0,531907.0,621228.0,710548,752035,1124293,405520.0,430746.0,455946.0,545472.0,634998,670770,1061320
51,AM,ARM,Armenia,Arménie,40.069099,45.038189,Armenia,658789.0,693999.0,657900.0,469119.0,211147,191199,190159,270535.0,284995.0,270170.0,191401.0,85669,77436,78001,388254.0,409004.0,387730.0,277718.0,125478,113763,112158
52,BB,BRB,Barbados,Barbados,13.193887,-59.543198,Barbados,24024.0,26224.0,28424.0,30624.0,32825,34475,34807,10065.0,11235.0,12405.0,13575.0,14746,15488,15638,13959.0,14989.0,16019.0,17049.0,18079,18987,19169
56,BE,BEL,Belgium,Belgie,50.503887,4.469936,Belgium,1280583.0,1288003.0,1268368.0,1248733.0,1503806,1783488,1981919,654543.0,651788.0,636275.0,620924.0,726881,869989,979191,626040.0,636215.0,632093.0,627809.0,776925,913499,1002728
60,BM,BMU,Bermuda,Bermudy,32.321384,-64.75737,Bermuda,15683.0,16676.0,17668.0,18276.0,18884,19126,19336,7557.0,8044.0,8531.0,8866.0,9202,9336,9439,8126.0,8632.0,9137.0,9410.0,9682,9790,9897
64,BT,BTN,Bhutan,Bhútán,27.514162,90.433601,Bhutan,23807.0,27972.0,32137.0,40279.0,48420,51106,53254,19409.0,22804.0,26200.0,32742.0,39283,43396,45220,4398.0,5168.0,5937.0,7537.0,9137,7710,8034
68,BO,BOL,Bolivia (Plurinational State of),Bolívie,-16.290154,-63.588653,Bolivia (Plurinational State of),73758.0,83598.0,92658.0,107745.0,122846,142989,156114,37549.0,42806.0,47665.0,56019.0,64380,74939,81818,36209.0,40792.0,44993.0,51726.0,58466,68050,74296
70,BA,BIH,Bosnia and Herzegovina,Bosna a Hercegovina,43.915886,17.679076000000006,Bosnia and Herzegovina,56000.0,69476.0,82952.0,47272.0,38792,38574,35735,26538.0,33115.0,39691.0,22473.0,18504,18400,17017,29462.0,36361.0,43261.0,24799.0,20288,20174,18718
72,BW,BWA,Botswana,Botswana,-22.328474,24.684866,Botswana,27510.0,40168.0,74934.0,84614.0,94614,103268,110596,16614.0,23517.0,43840.0,49132.0,53881,58769,62943,10896.0,16651.0,31094.0,35482.0,40733,44499,47653
76,BR,BRA,Brazil,Brazílie,-14.235004,-51.92528,Brazil,798517.0,741557.0,684596.0,638582.0,592568,716568,807006,426147.0,396152.0,366156.0,343019.0,319882,386838,435661,372370.0,345405.0,318440.0,295563.0,272686,329730,371345
84,BZ,BLZ,Belize,Belize,17.189877,-88.49765,Belize,30404.0,33446.0,36488.0,41424.0,46360,54674,59998,16393.0,17512.0,18631.0,21045.0,23459,27502,30180,14011.0,15934.0,17857.0,20379.0,22901,27172,29818
90,SB,SLB,Solomon Islands,Šalomounovy ostrovy,-9.64571,160.156194,Solomon Islands,4226.0,4178.0,3981.0,3271.0,2760,2585,2532,2349.0,2328.0,2224.0,1830.0,1546,1450,1421,1877.0,1850.0,1757.0,1441.0,1214,1135,1111
92,VG,VGB,Virgin Islands (British),Britské Panenské ostrovy,18.420695,-64.63996800000001,British Virgin Islands,8035.0,10046.0,12958.0,15016.0,17074,19132,20778,4126.0,5034.0,6386.0,7401.0,8415,9430,10242,3909.0,5012.0,6572.0,7615.0,8659,9702,10536
96,BN,BRN,Brunei Darussalam,Brunej,4.535277,114.727669,Brunei Darussalam,73200.0,84748.0,96296.0,98441.0,100587,102733,110641,41856.0,47832.0,53807.0,55265.0,56723,58181,62660,31344.0,36916.0,42489.0,43176.0,43864,44552,47981
100,BG,BGR,Bulgaria,Bulharsko,42.733883,25.48583,Bulgaria,21510.0,32435.0,43360.0,61074.0,76287,123803,168516,9047.0,13642.0,18238.0,26594.0,33841,60058,82718,12463.0,18793.0,25122.0,34480.0,42446,63745,85798
104,MM,MMR,Myanmar,Myanmar,21.913965,95.956223,Myanmar,133545.0,113663.0,98011.0,83025.0,76414,73309,75998,72310.0,61489.0,52150.0,44506.0,41574,40178,41652,61235.0,52174.0,45861.0,38519.0,34840,33131,34346
108,BI,BDI,Burundi,Burundi,-3.373056,29.918886,Burundi,333110.0,254853.0,125628.0,172874.0,235259,289810,321018,163267.0,124165.0,61094.0,84805.0,115823,142790,158163,169843.0,130688.0,64534.0,88069.0,119436,147020,162855
112,BY,BLR,Belarus,Bělorusko,53.709807,27.953389,Belarus,1248977.0,1186282.0,1123586.0,1106982.0,1090378,1082905,1069395,572021.0,543307.0,514593.0,506988.0,499384,495961,489770,676956.0,642975.0,608993.0,599994.0,590994,586944,579625
116,KH,KHM,Cambodia,Kambodža,12.565679,104.990963,Cambodia,38375.0,92230.0,146085.0,114031.0,81977,73963,78649,19084.0,45361.0,71638.0,57511.0,43385,39854,42379,19291.0,46869.0,74447.0,56520.0,38592,34109,36270
120,CM,CMR,Cameroon,Kamerun,7.369722,12.354722,Cameroon,265967.0,244791.0,227242.0,265503.0,291474,508346,505692,145869.0,133945.0,124008.0,146129.0,161485,251311,250177,120098.0,110846.0,103234.0,119374.0,129989,257035,255515
124,CA,CAN,Canada,Kanada,56.130366,-106.346771,Canada,4333318.0,4864778.0,5511914.0,6078985.0,6761226,7428657,7960657,2109652.0,2356105.0,2659135.0,2915838.0,3236539,3533164,3786190,2223666.0,2508673.0,2852779.0,3163147.0,3524687,3895493,4174467
132,CV,CPV,Cabo Verde,Kapverdy,16.002082,-24.013197,Cabo Verde,8931.0,9979.0,11027.0,12700.0,14373,14924,15664,4429.0,5091.0,5753.0,6523.0,7293,7547,7922,4502.0,4888.0,5274.0,6177.0,7080,7377,7742
136,KY,CYM,Cayman Islands (the),Kajmanské ostrovy,19.513469,-80.566956,Cayman Islands,9315.0,12666.0,19176.0,20679.0,24057,26177,28985,4587.0,6339.0,9671.0,10515.0,12310,13398,14838,4728.0,6327.0,9505.0,10164.0,11747,12779,14147
140,CF,CAF,Central African Republic (the),Středoafrická republika,6.611111,20.939444,Central African Republic,67234.0,99712.0,123529.0,94449.0,93466,81598,90649,35686.0,52975.0,65636.0,50236.0,49743,43163,48004,31548.0,46737.0,57893.0,44213.0,43723,38435,42645
144,LK,LKA,Sri Lanka,Srí Lanka,7.873054,80.77179699999998,Sri Lanka,41561.0,40841.0,40132.0,39526.0,38959,39706,40018,23423.0,22689.0,21971.0,21318.0,20694,20745,20909,18138.0,18152.0,18161.0,18208.0,18265,18961,19109
148,TD,TCD,Chad,Čad,15.454166,18.732207,Chad,74342.0,89584.0,104825.0,352062.0,416924,466968,512230,40133.0,48298.0,56463.0,159715.0,186773,215640,236334,34209.0,41286.0,48362.0,192347.0,230151,251328,275896
152,CL,CHL,Chile,Chile,-35.675147,-71.542969,Chile,107501.0,142417.0,177332.0,276360.0,375388,639724,939992,54547.0,69632.0,84717.0,131414.0,178111,301441,442929,52954.0,72785.0,92615.0,144946.0,197277,338283,497063
156,CN,CHN,China,Čína,35.86166,104.195397,China,376361.0,442198.0,508034.0,678947.0,849861,978046,1030871,191954.0,223018.0,254082.0,379920.0,505758,600136,632550,184407.0,219180.0,253952.0,299027.0,344103,377910,398321
170,CO,COL,Colombia,Kolumbie,4.570868,-74.297333,Colombia,104277.0,106943.0,109609.0,107612.0,124271,139134,1142319,53109.0,54666.0,56223.0,55706.0,65622,74108,575805,51168.0,52277.0,53386.0,51906.0,58649,65026,566514
174,KM,COM,Comoros (the),Komory,-11.875001,43.872219,Comoros,14079.0,13939.0,13799.0,13209.0,12618,12555,12504,6717.0,6614.0,6511.0,6286.0,6060,6071,6047,7362.0,7325.0,7288.0,6923.0,6558,6484,6457
175,YT,MYT,Mayotte,Mayotte,-12.8275,45.166244,Mayotte,15229.0,26316.0,45474.0,63176.0,72757,73992,74643,8780.0,14679.0,23546.0,31364.0,34500,34235,34537,6449.0,11637.0,21928.0,31812.0,38257,39757,40106
178,CG,COG,Congo (the),Kongo,-0.228021,15.827659,Congo,129391.0,191635.0,305880.0,318724.0,425173,390142,402142,64316.0,95822.0,153107.0,173229.0,231105,213764,220238,65075.0,95813.0,152773.0,145495.0,194068,176378,181904
180,CD,COD,Congo (the Democratic Republic of the),Demokratická republika Kongo,-4.0383330000000015,21.758664000000003,Democratic Republic of the Congo,754194.0,1816963.0,744387.0,622869.0,588950,824492,963833,363117.0,901379.0,365092.0,302290.0,284244,401058,463954,391077.0,915584.0,379295.0,320579.0,304706,423434,499879
184,CK,COK,Cook Islands (the),Cookovy ostrovy,-21.236736,-159.777671,Cook Islands,2587.0,2686.0,2785.0,3277.0,3769,3477,3491,1443.0,1497.0,1552.0,1724.0,1895,1741,1748,1144.0,1189.0,1233.0,1553.0,1874,1736,1743
188,CR,CRI,Costa Rica,Kostarika,9.748917,-83.753428,Costa Rica,417628.0,364287.0,310946.0,358175.0,405404,411697,417768,212173.0,184485.0,156798.0,176335.0,195873,197613,201934,205455.0,179802.0,154148.0,181840.0,209531,214084,215834
191,HR,HRV,Croatia,Chorvatsko,45.1,15.2,Croatia,475438.0,674085.0,585298.0,579273.0,573248,561093,518083,222531.0,315733.0,274823.0,271645.0,268466,260473,239681,252907.0,358352.0,310475.0,307628.0,304782,300620,278402
192,CU,CUB,Cuba,Kuba,21.521757,-77.78116700000002,Cuba,34555.0,26187.0,17818.0,11935.0,6640,5312,4886,17278.0,12559.0,7840.0,5252.0,2904,2294,2097,17277.0,13628.0,9978.0,6683.0,3736,3018,2789
196,CY,CYP,Cyprus,Kypr,35.126413,33.429859,Cyprus,43805.0,61941.0,80076.0,117165.0,191866,192020,191922,20463.0,27604.0,34745.0,50421.0,83931,84153,85208,23342.0,34337.0,45331.0,66744.0,107935,107867,106714
203,CZ,CZE,Czechia,Česko,49.817492,15.472962,Czechia,110394.0,165592.0,220789.0,322540.0,398493,416454,512705,57405.0,88316.0,119227.0,181719.0,236160,239228,293245,52989.0,77276.0,101562.0,140821.0,162333,177226,219460
204,BJ,BEN,Benin,Benin,9.30769,2.315834,Benin,76751.0,105703.0,134655.0,221889.0,309124,366284,390112,40418.0,56304.0,72190.0,107882.0,143575,172056,183593,36333.0,49399.0,62465.0,114007.0,165549,194228,206519
208,DK,DNK,Denmark,Dánsko,56.26392,9.501785,Denmark,235189.0,303108.0,371026.0,440383.0,500772,595876,722878,114411.0,147194.0,179977.0,213097.0,242029,291431,357366,120778.0,155914.0,191049.0,227286.0,258743,304445,365512
212,DM,DMA,Dominica,Dominika,15.414999,-61.370976,Dominica,2519.0,3121.0,3723.0,4744.0,8110,8093,8264,1309.0,1623.0,1955.0,2491.0,4200,4215,4303,1210.0,1498.0,1768.0,2253.0,3910,3878,3961
214,DO,DOM,Dominican Republic (the),Dominikánská republika,18.735693,-70.162651,Dominican Republic,291151.0,323381.0,355611.0,376001.0,393720,549289,567648,181677.0,198842.0,216008.0,228180.0,238742,353448,365261,109474.0,124539.0,139603.0,147821.0,154978,195841,202387
218,EC,ECU,Ecuador,Ekvádor,-1.831239,-78.183406,Ecuador,78663.0,115093.0,151523.0,187404.0,325366,387513,381507,38531.0,57879.0,77227.0,96188.0,167773,200352,197162,40132.0,57214.0,74296.0,91216.0,157593,187161,184345
222,SV,SLV,El Salvador,Salvador,13.794185,-88.89653,El Salvador,47360.0,39537.0,31713.0,36019.0,40324,42045,42617,22218.0,18564.0,14909.0,17029.0,19148,19996,20269,25142.0,20973.0,16804.0,18990.0,21176,22049,22348
226,GQ,GNQ,Equatorial Guinea,Rovníková Guinea,1.6508009999999995,10.267895,Equatorial Guinea,2740.0,3629.0,4517.0,6588.0,8658,209611,227617,1465.0,1930.0,2394.0,3564.0,4734,161527,175403,1275.0,1699.0,2123.0,3024.0,3924,48084,52214
231,ET,ETH,Ethiopia,Etiopie,9.145,40.489673,Ethiopia,1155390.0,806904.0,611384.0,514242.0,568748,1161642,1253083,607284.0,424117.0,322219.0,269725.0,298069,591409,637963,548106.0,382787.0,289165.0,244517.0,270679,570233,615120
232,ER,ERI,Eritrea,Eritrea,15.179384,39.78233400000001,Eritrea,11848.0,12400.0,12952.0,14314.0,15676,15941,16101,6228.0,6542.0,6856.0,7729.0,8603,8833,8922,5620.0,5858.0,6096.0,6585.0,7073,7108,7179
233,EE,EST,Estonia,Estonsko,58.595272,25.013607,Estonia,381997.0,315755.0,249512.0,233701.0,217890,194664,190242,171691.0,136268.0,100844.0,94244.0,87644,80024,80616,210306.0,179487.0,148668.0,139457.0,130246,114640,109626
234,FO,FRO,Faroe Islands (the),Faerské ostrovy,61.892635,-6.911806,Faroe Islands,4285.0,2900.0,3593.0,4583.0,5096,5485,6454,2440.0,1575.0,1921.0,2450.0,2700,2783,3287,1845.0,1325.0,1672.0,2133.0,2396,2702,3167
238,FK,FLK,Falkland Islands (the) [Malvinas],Falklandy (Malvíny),-51.796253,-59.523613,Falkland Islands (Malvinas),855.0,868.0,1067.0,1166.0,1436,1571,1902,488.0,510.0,636.0,675.0,807,873,1057,367.0,358.0,431.0,491.0,629,698,845
242,FJ,FJI,Fiji,Fidži,-16.578193,179.414413,Fiji,13283.0,13001.0,12719.0,12435.0,13351,13751,14038,6847.0,6726.0,6601.0,6564.0,7137,7421,7576,6436.0,6275.0,6118.0,5871.0,6214,6330,6462
246,FI,FIN,Finland,Finsko,61.92411,25.748151,Finland,63255.0,99729.0,136203.0,192169.0,228481,314856,383116,31682.0,49575.0,67469.0,96429.0,115105,159315,196188,31573.0,50154.0,68734.0,95740.0,113376,155541,186928
250,FR,FRA,France,Francie,46.227638,2.213749,France,5897267.0,6087993.0,6278718.0,6737600.0,7309986,7874172,8334875,2999376.0,3046083.0,3092789.0,3300859.0,3554527,3806413,4019290,2897891.0,3041910.0,3185929.0,3436741.0,3755459,4067759,4315585
254,GF,GUF,French Guiana,Francouzská Guyana,3.933889,-53.125782,French Guiana,63612.0,70131.0,76649.0,86468.0,96288,106108,117372,34843.0,36869.0,38895.0,42729.0,46564,50399,55751,28769.0,33262.0,37754.0,43739.0,49724,55709,61621
258,PF,PYF,French Polynesia,Francouzská Polynésie,-17.679742,-149.40684299999995,French Polynesia,25830.0,28360.0,30329.0,32286.0,31640,30058,31205,15444.0,16689.0,17604.0,18405.0,18037,17136,17791,10386.0,11671.0,12725.0,13881.0,13603,12922,13414
262,DJ,DJI,Djibouti,Džibutsko,11.825138,42.590275,Djibouti,122221.0,99774.0,100507.0,92091.0,101575,112351,115341,64242.0,52476.0,52920.0,51315.0,53295,59081,60654,57979.0,47298.0,47587.0,40776.0,48280,53270,54687
266,GA,GAB,Gabon,Gabon,-0.803689,11.609444,Gabon,128188.0,171427.0,214431.0,233824.0,270829,378686,411463,73172.0,97800.0,122986.0,135107.0,158680,243782,264758,55016.0,73627.0,91445.0,98717.0,112149,134904,146705
268,GE,GEO,Georgia,Gruzie,42.315407,43.356892,Georgia,304470.0,152235.0,76117.0,72311.0,73034,76685,79035,133285.0,66643.0,33321.0,31655.0,31972,33570,34583,171185.0,85592.0,42796.0,40656.0,41062,43115,44452
270,GM,GMB,Gambia (the),Gambie,13.443182,-15.310139,Gambia,118123.0,150890.0,182514.0,181905.0,185763,192540,215406,66306.0,82048.0,97138.0,96230.0,98086,101501,113552,51817.0,68842.0,85376.0,85675.0,87677,91039,101854
275,PS,PSE,"Palestine, State of",Palestinská autonomie,31.952162,35.233154,State of Palestine,288332.0,281767.0,275202.0,266617.0,258032,255507,253735,132101.0,128328.0,124555.0,119621.0,114688,113237,112452,156231.0,153439.0,150647.0,146996.0,143344,142270,141283
276,DE,DEU,Germany,Německo,51.165691,10.451526,Germany,5936181.0,7464406.0,8992631.0,9402447.0,9812263,10220418,13132146,3293128.0,3898397.0,4503666.0,4676178.0,4848689,5037961,6881990,2643053.0,3566009.0,4488965.0,4726269.0,4963574,5182457,6250156
288,GH,GHA,Ghana,Ghana,7.9465270000000015,-1.0231940000000002,Ghana,164851.0,252879.0,191601.0,304436.0,337017,414744,466780,83030.0,127423.0,97279.0,156778.0,179647,221026,249224,81821.0,125456.0,94322.0,147658.0,157370,193718,217556
292,GI,GIB,Gibraltar,Gibraltar,36.137741,-5.345374,Gibraltar,8709.0,8381.0,8054.0,9211.0,10369,11065,11172,4528.0,4196.0,3865.0,4518.0,5171,5591,5646,4181.0,4185.0,4189.0,4693.0,5198,5474,5526
296,KI,KIR,Kiribati,Kiribati,-3.370417,-168.734039,Kiribati,2162.0,2223.0,2283.0,2487.0,2868,2919,3022,1107.0,1139.0,1188.0,1312.0,1512,1539,1594,1055.0,1084.0,1095.0,1175.0,1356,1380,1428
300,GR,GRC,Greece,Řecko,39.074208,21.824312,Greece,618139.0,857850.0,1111665.0,1190707.0,1321149,1242924,1211382,330038.0,445004.0,559794.0,587677.0,640731,570528,560208,288101.0,412846.0,551871.0,603030.0,680418,672396,651174
304,GL,GRL,Greenland,Grónsko,71.706936,-42.604303,Greenland,9282.0,7121.0,6601.0,6556.0,6091,5797,5690,6472.0,4875.0,4616.0,4461.0,4119,3812,3742,2810.0,2246.0,1985.0,2095.0,1972,1985,1948
308,GD,GRD,Grenada,Grenada,12.262776,-61.604171,Grenada,4263.0,5544.0,6825.0,6902.0,6980,7057,7124,2106.0,2746.0,3386.0,3424.0,3463,3502,3536,2157.0,2798.0,3439.0,3478.0,3517,3555,3588
312,GP,GLP,Guadeloupe,Guadeloupe,16.995971,-62.067641,Guadeloupe,65944.0,74566.0,83188.0,89065.0,94942,98507,100030,32718.0,36248.0,39778.0,41273.0,42768,43858,44537,33226.0,38318.0,43410.0,47792.0,52174,54649,55493
316,GU,GUM,Guam,Guam,13.444304,144.793731,Guam,69755.0,71912.0,74070.0,74743.0,75416,76089,79846,39364.0,38822.0,38280.0,38602.0,38924,39246,41185,30391.0,33090.0,35790.0,36141.0,36492,36843,38661
320,GT,GTM,Guatemala,Guatemala,15.783471,-90.230759,Guatemala,264257.0,156188.0,48119.0,57252.0,66384,78352,80421,112615.0,66913.0,21211.0,26064.0,30917,37136,38117,151642.0,89275.0,26908.0,31188.0,35467,41216,42304
324,GN,GIN,Guinea,Guinea,9.945587,-9.696645,Guinea,403621.0,774505.0,560075.0,229611.0,177998,126386,120642,201260.0,386537.0,279108.0,111738.0,92899,74060,70695,202361.0,387968.0,280967.0,117873.0,85099,52326,49947
328,GY,GUY,Guyana,Guyana,4.860416000000002,-58.93018000000001,Guyana,4095.0,6352.0,8610.0,10868.0,13126,15384,15699,2200.0,3405.0,4611.0,5817.0,7023,8229,8398,1895.0,2947.0,3999.0,5051.0,6103,7155,7301
332,HT,HTI,Haiti,Haiti,18.971187,-72.28521500000002,Haiti,19084.0,18129.0,17222.0,16360.0,17178,18036,18756,10606.0,10076.0,9572.0,9093.0,9548,10025,10426,8478.0,8053.0,7650.0,7267.0,7630,8011,8330
336,VA,VAT,Holy See (the),Vatikán,41.902916,12.453389,Holy See,768.0,780.0,785.0,798.0,794,803,799,376.0,379.0,379.0,381.0,375,376,373,392.0,401.0,406.0,417.0,419,427,426
340,HN,HND,Honduras,Honduras,15.199998999999998,-86.241905,Honduras,270423.0,149442.0,28461.0,27875.0,27288,38317,38933,137573.0,76077.0,14581.0,14444.0,14306,20116,20440,132850.0,73365.0,13880.0,13431.0,12982,18201,18493
344,HK,HKG,Hong Kong,Hongkong,22.396428,114.109497,"China, Hong Kong SAR",2218473.0,2443798.0,2669122.0,2721235.0,2779950,2838665,2942254,1124544.0,1175087.0,1225629.0,1185121.0,1147539,1119957,1143329,1093929.0,1268711.0,1443493.0,1536114.0,1632411,1718708,1798925
348,HU,HUN,Hungary,Maďarsko,47.162494,19.503304,Hungary,347510.0,322234.0,296957.0,366787.0,436616,475508,512043,156185.0,147202.0,138219.0,174216.0,210212,235719,253884,191325.0,175032.0,158738.0,192571.0,226404,239789,258159
352,IS,ISL,Iceland,Island,64.96305100000001,-19.020835,Iceland,9584.0,12738.0,15892.0,25492.0,35091,39072,52404,4248.0,5727.0,7207.0,12413.0,17619,19070,27554,5336.0,7011.0,8685.0,13079.0,17472,20002,24850
356,IN,IND,India,Indie,20.593684,78.96288,India,7594801.0,6952238.0,6411331.0,5923945.0,5439758,5240960,5154737,3967470.0,3608978.0,3303591.0,3045849.0,2789748,2684680,2640513,3627331.0,3343260.0,3107740.0,2878096.0,2650010,2556280,2514224
360,ID,IDN,Indonesia,Indonésie,-0.789275,113.921327,Indonesia,465612.0,378960.0,292307.0,289568.0,305416,338124,353135,229885.0,191600.0,153315.0,165493.0,174864,196717,205451,235727.0,187360.0,138992.0,124075.0,130552,141407,147684
364,IR,IRN,Iran (Islamic Republic of),Írán,32.427908,53.68804599999999,Iran (Islamic Republic of),4291601.0,2937668.0,2803805.0,2568930.0,2761561,2726420,2682214,2456700.0,1705972.0,1662264.0,1410319.0,1571723,1445236,1421804,1834901.0,1231696.0,1141541.0,1158611.0,1189838,1281184,1260410
368,IQ,IRQ,Iraq,Irák,33.223191,43.679291,Iraq,83638.0,199460.0,210525.0,132915.0,117389,359381,368062,55751.0,114821.0,120464.0,80883.0,72965,209233,214288,27887.0,84639.0,90061.0,52032.0,44424,150148,153774
372,IE,IRL,Ireland,Irsko,53.41291,-8.243889999999999,Ireland,227961.0,226892.0,350552.0,589046.0,730542,759256,833564,112093.0,108084.0,172959.0,309910.0,360440,376338,414452,115868.0,118808.0,177593.0,279136.0,370102,382918,419112
376,IL,ISR,Israel,Izrael,31.046051,34.851612,Israel,1632704.0,1792185.0,1851309.0,1889503.0,1950615,2011727,1956346,770777.0,830330.0,853712.0,867805.0,890352,912899,887768,861927.0,961855.0,997597.0,1021698.0,1060263,1098828,1068578
380,IT,ITA,Italy,Itálie,41.87194,12.56738,Italy,1428219.0,1774954.0,2121688.0,3954790.0,5787893,5805328,6273722,642414.0,809553.0,976691.0,1820290.0,2663889,2637798,2908119,785805.0,965401.0,1144997.0,2134500.0,3124004,3167530,3365603
384,CI,CIV,Côte d'Ivoire,Pobřeží slonoviny,7.539989,-5.54708,Côte d'Ivoire,1816426.0,2076394.0,2163644.0,2265090.0,2366537,2467984,2549141,1011749.0,1150710.0,1198496.0,1254690.0,1310459,1366634,1411575,804677.0,925684.0,965148.0,1010400.0,1056078,1101350,1137566
388,JM,JAM,Jamaica,Jamajka,18.109581,-77.297508,Jamaica,20475.0,22713.0,24952.0,24314.0,23677,23167,23468,9981.0,11242.0,12503.0,12263.0,12024,11766,11920,10494.0,11471.0,12449.0,12051.0,11653,11401,11548
392,JP,JPN,Japan,Japonsko,36.204824,138.252924,Japan,1075317.0,1362371.0,1686444.0,2011555.0,2134151,2232189,2498891,538765.0,680212.0,796928.0,931198.0,972481,1050070,1208168,536552.0,682159.0,889516.0,1080357.0,1161670,1182119,1290723
398,KZ,KAZ,Kazakhstan,Kazachstán,48.019573,66.923684,Kazakhstan,3619200.0,3251968.0,2874194.0,3103027.0,3334937,3546060,3705556,1666164.0,1497455.0,1323580.0,1472820.0,1625155,1757828,1836893,1953036.0,1754513.0,1550614.0,1630207.0,1709782,1788232,1868663
400,JO,JOR,Jordan,Jordánsko,30.585164,36.238414,Jordan,1146349.0,1537097.0,1927845.0,2325414.0,2722983,3112026,3346703,586473.0,784725.0,982977.0,1183645.0,1384313,1567177,1685358,559876.0,752372.0,944868.0,1141769.0,1338670,1544849,1661345
404,KE,KEN,Kenya,Keňa,-0.023559,37.906193,Kenya,298089.0,618745.0,707852.0,773354.0,954925,1126886,1044854,161259.0,322189.0,352933.0,400364.0,473093,562909,522321,136830.0,296556.0,354919.0,372990.0,481832,563977,522533
408,KP,PRK,Korea (the Democratic People's Republic of),Severní Korea,40.339852,127.510093,Dem. People's Republic of Korea,34103.0,35143.0,36183.0,40097.0,44010,48458,49393,17393.0,17562.0,17731.0,19749.0,21766,24110,24576,16710.0,17581.0,18452.0,20348.0,22244,24348,24817
410,KR,KOR,Korea (the Republic of),Jižní Korea,35.90775700000001,127.766922,Republic of Korea,43247.0,123886.0,244224.0,486065.0,919987,1143087,1163655,24349.0,70758.0,143212.0,284305.0,525395,641400,652746,18898.0,53128.0,101012.0,201760.0,394592,501687,510909
414,KW,KWT,Kuwait,Kuvajt,29.31166,47.481766,Kuwait,1074391.0,921954.0,1127640.0,1333327.0,1871537,2866136,3034845,654878.0,591452.0,761512.0,918580.0,1309814,1901855,2013803,419513.0,330502.0,366128.0,414747.0,561723,964281,1021042
417,KG,KGZ,Kyrgyzstan,Kyrgyzstán,41.20438,74.766098,Kyrgyzstan,623083.0,518338.0,389824.0,309399.0,232065,204382,200260,260416.0,216638.0,162927.0,128064.0,94596,82616,80945,362667.0,301700.0,226897.0,181335.0,137469,121766,119315
418,LA,LAO,Lao People's Democratic Republic (the),Laos,19.85627,102.495496,Lao People's Democratic Republic,22866.0,23526.0,21948.0,20371.0,32955,45538,48275,11806.0,12199.0,11564.0,10930.0,20133,29335,31099,11060.0,11327.0,10384.0,9441.0,12822,16203,17176
422,LB,LBN,Lebanon,Libanon,33.854721000000005,35.862285,Lebanon,523693.0,608303.0,692913.0,756784.0,820655,1973204,1863873,267922.0,310613.0,353305.0,390331.0,427358,948425,895875,255771.0,297690.0,339608.0,366453.0,393297,1024779,967998
426,LS,LSO,Lesotho,Lesotho,-29.609988,28.233608,Lesotho,8240.0,7204.0,6167.0,6290.0,6414,6572,6928,4318.0,3827.0,3335.0,3402.0,3469,3558,3751,3922.0,3377.0,2832.0,2888.0,2945,3014,3177
428,LV,LVA,Latvia,Lotyšsko,56.879635,24.603189,Latvia,646007.0,538093.0,430178.0,376725.0,313786,265418,237266,290800.0,234216.0,177632.0,154745.0,124675,104011,93396,355207.0,303877.0,252546.0,221980.0,189111,161407,143870
430,LR,LBR,Liberia,Libérie,6.4280550000000005,-9.429499,Liberia,94964.0,208563.0,151868.0,87188.0,99129,113779,94448,53924.0,111647.0,82129.0,51183.0,56885,64879,53857,41040.0,96916.0,69739.0,36005.0,42244,48900,40591
434,LY,LBY,Libya,Libye,26.3351,17.228331,Libya,457075.0,508041.0,567436.0,625212.0,683998,771146,818216,242707.0,300906.0,368950.0,445597.0,489737,549153,582673,214368.0,207135.0,198486.0,179615.0,194261,221993,235543
438,LI,LIE,Liechtenstein,Lichtenštejnsko,47.166,9.555373,Liechtenstein,10906.0,13311.0,15483.0,18898.0,22342,23799,25467,5956.0,7068.0,7980.0,9434.0,10867,11605,12406,4950.0,6243.0,7503.0,9464.0,11475,12194,13061
440,LT,LTU,Lithuania,Litva,55.169438,23.881275,Lithuania,349258.0,273587.0,214311.0,201209.0,160772,136021,117218,164585.0,128641.0,100546.0,94189.0,69606,57508,49293,184673.0,144946.0,113765.0,107020.0,91166,78513,67925
442,LU,LUX,Luxembourg,Lucembursko,49.815273,6.129583,Luxembourg,113795.0,126106.0,139750.0,150618.0,163142,248888,291723,56062.0,62292.0,69286.0,74951.0,81420,126129,148670,57733.0,63814.0,70464.0,75667.0,81722,122759,143053
446,MO,MAC,Macao,Macao,22.198745,113.543873,"China, Macao SAR",205047.0,224929.0,240791.0,279308.0,318506,376066,399572,96379.0,103660.0,109391.0,130387.0,146407,174589,185502,108668.0,121269.0,131400.0,148921.0,172099,201477,214070
450,MG,MDG,Madagascar,Madagaskar,-18.766947,46.869107,Madagascar,23917.0,21177.0,23541.0,26058.0,28905,32075,34934,13348.0,11901.0,13276.0,14744.0,16410,18270,19897,10569.0,9276.0,10265.0,11314.0,12495,13805,15037
454,MW,MWI,Malawi,Malawi,-13.254307999999998,34.301525,Malawi,1127724.0,241624.0,232620.0,221661.0,217722,232803,247652,546520.0,116198.0,111530.0,105931.0,103869,110893,117932,581204.0,125426.0,121090.0,115730.0,113853,121910,129720
458,MY,MYS,Malaysia,Malajsie,4.210483999999999,101.975766,Malaysia,695920.0,937368.0,1463598.0,1918504.0,2417395,3280681,3430380,405808.0,534964.0,822679.0,1133541.0,1469977,1996220,2097159,290112.0,402404.0,640919.0,784963.0,947418,1284461,1333221
462,MV,MDV,Maldives,Maledivy,3.202778,73.22068,Maldives,8689.0,18510.0,27092.0,45045.0,54659,64273,69249,4777.0,9243.0,14907.0,27079.0,41712,56345,60709,3912.0,9267.0,12185.0,17966.0,12947,7928,8540
466,ML,MLI,Mali,Mali,17.570692,-3.996166000000001,Mali,160736.0,176187.0,189475.0,256797.0,339375,420504,468230,82049.0,90871.0,97752.0,132244.0,172066,213218,237428,78687.0,85316.0,91723.0,124553.0,167309,207286,230802
470,MT,MLT,Malta,Malta,35.937496,14.375416,Malta,15077.0,17740.0,21521.0,24560.0,33008,52642,84949,7012.0,8366.0,10289.0,11899.0,17118,28332,45986,8065.0,9374.0,11232.0,12661.0,15890,24310,38963
474,MQ,MTQ,Martinique,Martinik,14.641528,-61.024174,Martinique,38705.0,46599.0,54492.0,57034.0,59575,61731,61647,19091.0,22271.0,25451.0,25891.0,26330,26989,26953,19614.0,24328.0,29041.0,31143.0,33245,34742,34694
478,MR,MRT,Mauritania,Mauritánie,21.00789,-10.940835,Mauritania,111650.0,89562.0,57366.0,58119.0,84679,166552,172987,57569.0,47015.0,31163.0,32588.0,48605,94070,97766,54081.0,42547.0,26203.0,25531.0,36074,72482,75221
480,MU,MUS,Mauritius,Mauricius,-20.348404,57.552152,Mauritius,3613.0,7493.0,15543.0,19647.0,24836,28585,28849,1763.0,3228.0,5705.0,8943.0,13188,15832,15979,1850.0,4265.0,9838.0,10704.0,11648,12753,12870
484,MX,MEX,Mexico,Mexiko,23.634501,-102.552784,Mexico,695674.0,458549.0,538051.0,712487.0,969538,1028803,1060707,348353.0,229589.0,270896.0,359642.0,490691,515917,531912,347321.0,228960.0,267155.0,352845.0,478847,512886,528795
492,MC,MCO,Monaco,Monako,43.750298,7.412841,Monaco,20359.0,21060.0,21787.0,21312.0,21132,25983,26511,9471.0,9955.0,10458.0,10322.0,10325,12599,12851,10888.0,11105.0,11329.0,10990.0,10807,13384,13660
496,MN,MNG,Mongolia,Mongolsko,46.862496,103.846656,Mongolia,6718.0,7424.0,8206.0,11477.0,16062,19886,21128,3419.0,3959.0,4564.0,7577.0,11880,13284,14114,3299.0,3465.0,3642.0,3900.0,4182,6602,7014
498,MD,MDA,Moldova (the Republic of),Moldavsko,47.411631,28.369885,Republic of Moldova,544162.0,367231.0,247828.0,171122.0,129488,106374,104713,238053.0,155297.0,101097.0,67924.0,52198,43467,42839,306109.0,211934.0,146731.0,103198.0,77290,62907,61874
499,ME,MNE,Montenegro,Černá Hora,42.708678000000006,19.37439,Montenegro,,,,,78512,71719,70967,,,,,31639,28178,27982,,,,,46873,43541,42985
500,MS,MSR,Montserrat,Montserrat,16.742498,-62.187366,Montserrat,2013.0,1612.0,1211.0,1244.0,1291,1351,1375,1029.0,825.0,622.0,639.0,664,696,709,984.0,787.0,589.0,605.0,627,655,666
504,MA,MAR,Morocco,Maroko,31.791702,-7.09262,Morocco,54895.0,50360.0,53034.0,54379.0,70909,92424,98574,29024.0,26264.0,27233.0,27543.0,35738,46387,49479,25871.0,24096.0,25801.0,26836.0,35171,46037,49095
508,MZ,MOZ,Mozambique,Mosambik,-18.665695,35.529562,Mozambique,122332.0,168256.0,195702.0,264679.0,306471,321794,334665,66060.0,91210.0,103175.0,127908.0,148105,155510,161731,56272.0,77046.0,92527.0,136771.0,158366,166284,172934
512,OM,OMN,Oman,Omán,21.512583,55.92325500000001,Oman,304000.0,539643.0,623608.0,666160.0,816221,1856226,2286226,242477.0,417444.0,488389.0,527842.0,658746,1552000,1911526,61523.0,122199.0,135219.0,138318.0,157475,304226,374700
516,,NAM,Namibia,Namibie,-22.95764,18.49041,Namibia,120641.0,115372.0,135547.0,107347.0,103826,101618,107561,63748.0,61310.0,73154.0,57625.0,55803,54739,57938,56893.0,54062.0,62393.0,49722.0,48023,46879,49623
520,NR,NRU,Nauru,Nauru,-0.522778,166.931503,Nauru,2815.0,2605.0,2394.0,2253.0,1183,1890,2114,1506.0,1395.0,1283.0,1208.0,653,1071,1206,1309.0,1210.0,1111.0,1045.0,530,819,908
524,NP,NPL,Nepal,Nepál,28.394857,84.12400799999998,Nepal,429974.0,690225.0,717900.0,679457.0,578657,509471,490802,125966.0,217088.0,241959.0,235203.0,189518,156361,148487,304008.0,473137.0,475941.0,444254.0,389139,353110,342315
528,NL,NLD,Netherlands (the),Nizozemsko,52.132633,5.291266,Netherlands,1182263.0,1346164.0,1556337.0,1736127.0,1832510,1996318,2282791,592343.0,668236.0,765302.0,843444.0,881264,952313,1103004,589920.0,677928.0,791035.0,892683.0,951246,1044005,1179787
533,AW,ABW,Aruba,Aruba,12.52111,-69.968338,Aruba,14444.0,22274.0,30104.0,32540.0,34327,36114,36532,6429.0,9974.0,13519.0,14559.0,15311,16108,16295,8015.0,12300.0,16585.0,17981.0,19016,20006,20237
540,NC,NCL,New Caledonia,Nová Kaledonie,-20.904305,165.618042,New Caledonia,37673.0,43662.0,49651.0,55405.0,61158,68881,72537,20885.0,23908.0,26932.0,29909.0,32886,36181,37984,16788.0,19754.0,22719.0,25496.0,28272,32700,34553
548,VU,VUT,Vanuatu,Vanuatu,-15.376706,166.959158,Vanuatu,2308.0,2461.0,2626.0,2800.0,2991,3187,3245,1269.0,1295.0,1320.0,1398.0,1487,1583,1612,1039.0,1166.0,1306.0,1402.0,1504,1604,1633
554,NZ,NZL,New Zealand,Nový Zéland,-40.900557,174.88597099999996,New Zealand,518047.0,588617.0,678813.0,839952.0,947443,1039736,1068739,258223.0,289230.0,329927.0,407690.0,459047,502787,516814,259824.0,299387.0,348886.0,432262.0,488396,536949,551925
558,NI,NIC,Nicaragua,Nikaragua,12.865416,-85.207229,Nicaragua,41421.0,26619.0,30389.0,34918.0,37333,40262,42172,20860.0,13364.0,15423.0,17773.0,19128,20723,21704,20561.0,13255.0,14966.0,17145.0,18205,19539,20468
562,NE,NER,Niger (the),Niger,17.607789,8.081666,Niger,115464.0,145999.0,122260.0,124461.0,126464,252998,294161,55222.0,69751.0,58192.0,59170.0,60033,119915,139426,60242.0,76248.0,64068.0,65291.0,66431,133083,154735
566,NG,NGA,Nigeria,Nigérie,9.081999,8.675277000000001,Nigeria,456621.0,462999.0,487882.0,969294.0,988679,1199115,1256408,256166.0,258091.0,270211.0,564384.0,575671,657887,689321,200455.0,204908.0,217671.0,404910.0,413008,541228,567087
570,NU,NIU,Niue,Niue,-19.054445,-169.867233,Niue,461.0,480.0,498.0,522.0,589,588,588,245.0,257.0,268.0,282.0,319,319,319,216.0,223.0,230.0,240.0,270,269,269
578,NO,NOR,Norway,Norsko,60.472024,8.468946,Norway,192587.0,233302.0,292440.0,361144.0,526799,746375,867765,99562.0,117222.0,144826.0,176444.0,268505,389370,451599,93025.0,116080.0,147614.0,184700.0,258294,357005,416166
580,MP,MNP,Northern Mariana Islands (the),Severní Mariany,17.33083,145.38468999999995,Northern Mariana Islands,26593.0,32376.0,40122.0,37542.0,24168,21648,21815,14261.0,15847.0,17387.0,15977.0,10223,9100,9171,12332.0,16529.0,22735.0,21565.0,13945,12548,12644
583,FM,FSM,Micronesia (Federated States of),Mikronésie,7.425553999999999,150.550812,Micronesia (Fed. States of),3685.0,3342.0,3116.0,2905.0,2806,2756,2819,2099.0,2119.0,1721.0,1565.0,1503,1473,1508,1586.0,1223.0,1395.0,1340.0,1303,1283,1311
584,MH,MHL,Marshall Islands (the),Marshallovy ostrovy,7.131474000000001,171.184478,Marshall Islands,1158.0,1480.0,1891.0,2417.0,3089,3284,3296,721.0,916.0,1164.0,1485.0,1895,2011,2019,437.0,564.0,727.0,932.0,1194,1273,1277
585,PW,PLW,Palau,Palau,7.51498,134.58252,Palau,2801.0,4749.0,6310.0,6043.0,5490,4937,5066,1800.0,2808.0,3905.0,3620.0,3211,2996,2875,1001.0,1941.0,2405.0,2423.0,2279,1941,2191
586,PK,PAK,Pakistan,Pákistán,30.375321000000003,69.345116,Pakistan,6208204.0,3669308.0,4181912.0,3171132.0,3941586,3506520,3257978,3264380.0,1951223.0,2249960.0,1708514.0,2074443,1845470,1714663,2943824.0,1718085.0,1931952.0,1462618.0,1867143,1661050,1543315
591,PA,PAN,Panama,Panama,8.537981,-80.782127,Panama,62744.0,70848.0,83410.0,117563.0,157309,184710,185072,33148.0,36740.0,42437.0,59812.0,80931,94841,94396,29596.0,34108.0,40973.0,57751.0,76378,89869,90676
598,PG,PNG,Papua New Guinea,Papua Nová Guinea,-6.314993,143.95555,Papua New Guinea,33710.0,33526.0,26304.0,30106.0,30425,30940,31212,19362.0,19832.0,15874.0,17920.0,18466,18734,18944,14348.0,13694.0,10430.0,12186.0,11959,12206,12268
600,PY,PRY,Paraguay,Paraguay,-23.442503,-58.44383199999999,Paraguay,195884.0,186570.0,176608.0,168243.0,160299,156462,160519,102816.0,97869.0,92052.0,87698.0,83394,81303,83412,93068.0,88701.0,84556.0,80545.0,76905,75159,77107
604,PE,PER,Peru,Peru,-9.189967,-75.015152,Peru,56688.0,56732.0,66300.0,77877.0,104706,154774,782169,28376.0,28062.0,32839.0,38959.0,56097,91090,424317,28312.0,28670.0,33461.0,38918.0,48609,63684,357852
608,PH,PHL,Philippines (the),Filipíny,12.879721,121.774017,Philippines,154071.0,207345.0,318095.0,257468.0,208599,211862,218530,81347.0,107524.0,161904.0,133023.0,107933,109783,113239,72724.0,99821.0,156191.0,124445.0,100666,102079,105291
616,PL,POL,Poland,Polsko,51.919438,19.145136,Poland,1127771.0,964725.0,825251.0,722509.0,642417,619403,655985,482176.0,404049.0,338323.0,297039.0,262263,259789,289754,645595.0,560676.0,486928.0,425470.0,380154,359614,366231
620,PT,PRT,Portugal,Portugalsko,39.399872,-8.224454,Portugal,435782.0,532822.0,651472.0,771184.0,762825,864814,888162,209922.0,259337.0,320319.0,376774.0,371536,398390,411750,225860.0,273485.0,331153.0,394410.0,391289,466424,476412
624,GW,GNB,Guinea-Bissau,Guinea-Bissau,11.803749,-15.180413,Guinea-Bissau,15368.0,27961.0,20450.0,20736.0,21061,22333,26916,7689.0,13833.0,10155.0,10298.0,10307,10826,12990,7679.0,14128.0,10295.0,10438.0,10754,11507,13926
626,TL,TLS,Timor-Leste,Východní Timor,-8.874217,125.727539,Timor-Leste,8954.0,9743.0,10602.0,11286.0,11540,8520,8417,4450.0,4763.0,5095.0,5578.0,5837,5148,5086,4504.0,4980.0,5507.0,5708.0,5703,3372,3331
630,PR,PRI,Puerto Rico,Portoriko,18.220833,-66.590149,Puerto Rico,321909.0,338067.0,355038.0,352144.0,304969,280494,266828,153354.0,160739.0,168480.0,166780.0,142939,130916,123980,168555.0,177328.0,186558.0,185364.0,162030,149578,142848
634,QA,QAT,Qatar,Katar,25.354826,51.183884,Qatar,309753.0,361673.0,359697.0,646026.0,1456413,1687640,2229688,225932.0,269972.0,274242.0,498428.0,1206571,1416361,1845678,83821.0,91701.0,85455.0,147598.0,249842,271279,384010
638,RE,REU,Réunion,Réunion,-21.115141,55.536384,Réunion,57210.0,77159.0,100678.0,115076.0,123029,127209,129153,30724.0,40710.0,52264.0,59196.0,62707,64537,65524,26486.0,36449.0,48414.0,55880.0,60322,62672,63629
642,RO,ROU,Romania,Rumunsko,45.943161,24.96676,Romania,135825.0,135037.0,134254.0,145162.0,177211,281048,462552,57601.0,60443.0,63121.0,70153.0,87667,146758,248851,78224.0,74594.0,71133.0,75009.0,89544,134290,213701
643,RU,RUS,Russian Federation (the),Rusko,61.52401,105.318756,Russian Federation,11524948.0,11928927.0,11900297.0,11667588.0,11194710,11643276,11640559,5655422.0,5925452.0,5982851.0,5806597.0,5514401,5715211,5713879,5869526.0,6003475.0,5917446.0,5860991.0,5680309,5928065,5926680
646,RW,RWA,Rwanda,Rwanda,-1.940278,29.873888,Rwanda,160024.0,215735.0,347076.0,423187.0,426901,514647,539932,80763.0,109783.0,175741.0,213279.0,214048,256327,269917,79261.0,105952.0,171335.0,209908.0,212853,258320,270015
654,SH,SHN,"Saint Helena, Ascension and Tristan da Cunha","Svatá Helena, Ascension a Tristan da Cunha",-24.143474,-10.030696,Saint Helena,178.0,117.0,108.0,163.0,248,377,433,110.0,70.0,61.0,85.0,136,251,302,68.0,47.0,47.0,78.0,112,126,131
659,KN,KNA,Saint Kitts and Nevis,Svatý Kryštof a Nevis,17.357822,-62.782998,Saint Kitts and Nevis,3210.0,4248.0,5871.0,6682.0,7245,7443,7587,1642.0,2196.0,3068.0,3501.0,3806,3916,3992,1568.0,2052.0,2803.0,3181.0,3439,3527,3595
660,AI,AIA,Anguilla,Anguilla,18.220554,-63.068615,Anguilla,2570.0,3317.0,4063.0,4684.0,5103,5470,5679,1258.0,1584.0,1910.0,2210.0,2415,2593,2694,1312.0,1733.0,2153.0,2474.0,2688,2877,2985
662,LC,LCA,Saint Lucia,Svatá Lucie,13.909444,-60.97889300000001,Saint Lucia,5305.0,7155.0,9871.0,9842.0,9051,8673,8383,2618.0,3563.0,4960.0,4843.0,4377,4179,4026,2687.0,3592.0,4911.0,4999.0,4674,4494,4357
666,PM,SPM,Saint Pierre and Miquelon,Saint Pierre a Miquelon,46.941936,-56.27111,Saint Pierre and Miquelon,1099.0,1320.0,1458.0,1147.0,1017,986,990,560.0,682.0,756.0,597.0,531,516,519,539.0,638.0,702.0,550.0,486,470,471
670,VC,VCT,Saint Vincent and the Grenadines,Svatý Vincenc a Grenadiny,12.984305,-61.287228000000006,Saint Vincent and the Grenadines,3970.0,4135.0,4307.0,4436.0,4569,4637,4692,1928.0,2011.0,2099.0,2198.0,2302,2355,2398,2042.0,2124.0,2208.0,2238.0,2267,2282,2294
674,SM,SMR,San Marino,San Marino,43.94236,12.457777,San Marino,3310.0,3659.0,4045.0,4218.0,4880,5195,5507,1728.0,1940.0,2175.0,2302.0,2761,2867,2936,1582.0,1719.0,1870.0,1916.0,2119,2328,2571
678,ST,STP,Sao Tome and Principe,Svatý Tomáš a Princův ostrov,0.18636,6.613081,Sao Tome and Principe,5582.0,4936.0,4365.0,3433.0,2700,2394,2174,2953.0,2548.0,2212.0,1727.0,1352,1197,1085,2629.0,2388.0,2153.0,1706.0,1348,1197,1089
682,SA,SAU,Saudi Arabia,Saúdská Arábie,23.885942,45.079162,Saudi Arabia,4998445.0,5122702.0,5263387.0,6501819.0,8429956,10771366,13122338,3324873.0,3416485.0,3517768.0,4469805.0,5933281,7461502,9001182,1673572.0,1706217.0,1745619.0,2032014.0,2496675,3309864,4121156
686,SN,SEN,Senegal,Senegal,14.497401000000002,-14.452362,Senegal,270410.0,287654.0,231901.0,238298.0,256092,266496,275239,138840.0,147165.0,121492.0,124854.0,135879,141402,145996,131570.0,140489.0,110409.0,113444.0,120213,125094,129243
688,RS,SRB,Serbia,Srbsko,44.016521,21.005859,Serbia,99269.0,870980.0,977873.0,854848.0,826275,807441,820312,46712.0,390134.0,437602.0,383088.0,364757,355180,361216,52557.0,480846.0,540271.0,471760.0,461518,452261,459096
690,SC,SYC,Seychelles,Seychely,-4.679574,55.491977,Seychelles,3721.0,5148.0,6574.0,8997.0,11420,12791,12926,2204.0,3021.0,3837.0,5820.0,7804,8954,9049,1517.0,2127.0,2737.0,3177.0,3616,3837,3877
694,SL,SLE,Sierra Leone,Sierra Leone,8.460555000000001,-11.779889,Sierra Leone,222148.0,98516.0,97974.0,146050.0,79055,58813,54332,122898.0,55937.0,54184.0,76621.0,43515,33068,30724,99250.0,42579.0,43790.0,69429.0,35540,25745,23608
702,SG,SGP,Singapore,Singapur,1.352083,103.819836,Singapore,727262.0,991492.0,1351691.0,1710594.0,2164794,2543638,2155653,345842.0,456411.0,601671.0,758762.0,956856,1122986,950192,381420.0,535081.0,750020.0,951832.0,1207938,1420652,1205461
703,SK,SVK,Slovakia,Slovensko,48.669026,19.699024,Slovakia,41295.0,69323.0,116376.0,130491.0,146319,177624,187984,18187.0,30531.0,51253.0,58716.0,66938,89011,96010,23108.0,38792.0,65123.0,71775.0,79381,88613,91974
704,VN,VNM,Viet Nam,Vietnam,14.058324,108.277199,Viet Nam,28118.0,51262.0,56754.0,51768.0,61756,72793,76104,15230.0,28187.0,32825.0,31106.0,35971,42168,44087,12888.0,23075.0,23929.0,20662.0,25785,30625,32017
705,SI,SVN,Slovenia,Slovinsko,46.151241,14.995463,Slovenia,178077.0,174419.0,214508.0,217218.0,253786,237616,253122,89514.0,90255.0,114772.0,116741.0,141285,134460,142626,88563.0,84164.0,99736.0,100477.0,112501,103156,110496
706,SO,SOM,Somalia,Somálsko,5.152149,46.199616,Somalia,478294.0,19527.0,20097.0,20670.0,48106,40990,52131,244201.0,10282.0,10628.0,11047.0,25213,21584,27184,234093.0,9245.0,9469.0,9623.0,22893,19406,24947
710,ZA,ZAF,South Africa,Jihoafrická republika,-30.559482,22.937506,South Africa,1163883.0,1003807.0,1016963.0,1351031.0,2114801,3816695,4224256,717227.0,611083.0,607602.0,782272.0,1221739,2122100,2350362,446656.0,392724.0,409361.0,568759.0,893062,1694595,1873894
716,ZW,ZWE,Zimbabwe,Zimbabwe,-19.015438,29.154857,Zimbabwe,634621.0,431226.0,410109.0,402226.0,398307,400482,411257,356240.0,246013.0,233881.0,229254.0,227201,225653,233652,278381.0,185213.0,176228.0,172972.0,171106,174829,177605
724,ES,ESP,Spain,Španělsko,40.463667,-3.74922,Spain,821605.0,1020067.0,1657285.0,4107226.0,6280065,5891208,6104203,390448.0,499114.0,838058.0,2140680.0,3238238,2884000,2913747,431157.0,520953.0,819227.0,1966546.0,3041827,3007208,3190456
729,SD,SDN,Sudan (the),Súdán,12.862807,30.217636,Sudan,1402896.0,1053396.0,805086.0,546419.0,618709,620523,1223092,696385.0,525701.0,404618.0,278084.0,314552,311885,607151,706511.0,527695.0,400468.0,268335.0,304157,308638,615941
732,EH,ESH,Western Sahara,Západní Sahara,24.215527,-12.885834,Western Sahara,2688.0,2989.0,3289.0,3891.0,4493,5179,5384,1465.0,1651.0,1837.0,2224.0,2612,3059,3181,1223.0,1338.0,1452.0,1667.0,1881,2120,2203
740,SR,SUR,Suriname,Surinam,3.919305000000001,-56.02778299999999,Suriname,18083.0,22320.0,27506.0,33664.0,39713,43127,46157,9767.0,12091.0,14938.0,18340.0,21658,23544,25227,8316.0,10229.0,12568.0,15324.0,18055,19583,20930
748,SZ,SWZ,Eswatini,Svazijsko,-26.522503000000004,31.465866,Eswatini,74991.0,35157.0,34084.0,33392.0,32637,32352,32310,39905.0,18701.0,17921.0,17369.0,16790,16627,16582,35086.0,16456.0,16163.0,16023.0,15847,15725,15728
752,SE,SWE,Sweden,Švédsko,60.128161,18.643501,Sweden,788767.0,936022.0,1003798.0,1125790.0,1384929,1676264,2005210,383085.0,450945.0,480211.0,538490.0,673083,828027,1008536,405682.0,485077.0,523587.0,587300.0,711846,848237,996674
756,CH,CHE,Switzerland,Švýcarsko,46.818188,8.227511999999999,Switzerland,1392282.0,1478829.0,1570756.0,1805437.0,2075182,2416394,2572029,701110.0,769043.0,841855.0,922387.0,1005381,1183243,1265343,691172.0,709786.0,728901.0,883050.0,1069801,1233151,1306686
760,SY,SYR,Syrian Arab Republic,Sýrie,34.802075,38.99681500000001,Syrian Arab Republic,714140.0,830610.0,834916.0,878308.0,1787561,871174,867848,364077.0,423115.0,427981.0,450438.0,913004,445050,444710,350063.0,407495.0,406935.0,427870.0,874557,426124,423138
762,TJ,TJK,Tajikistan,Tádžikistán,38.861034,71.276093,Tajikistan,428900.0,348347.0,299499.0,280466.0,279808,275101,274071,187972.0,151894.0,131653.0,121403.0,121780,118639,118207,240928.0,196453.0,167846.0,159063.0,158028,156462,155864
764,TH,THA,Thailand,Thajsko,15.870032,100.992541,Thailand,528693.0,809720.0,1257821.0,2163447.0,3224131,3486526,3635085,283486.0,426290.0,647728.0,1086166.0,1624755,1751187,1825505,245207.0,383430.0,610093.0,1077281.0,1599376,1735339,1809580
768,TG,TGO,Togo,Togo,8.619543,0.824782,Togo,84844.0,101583.0,137968.0,203799.0,255413,277384,279142,42903.0,50727.0,69112.0,103055.0,129352,139540,141286,41941.0,50856.0,68856.0,100744.0,126061,137844,137856
772,TK,TKL,Tokelau,Tokelau,-8.967363,-171.855881,Tokelau,270.0,266.0,262.0,258.0,429,487,504,150.0,147.0,144.0,133.0,206,233,242,120.0,119.0,118.0,125.0,223,254,262
776,TO,TON,Tonga,Tonga,-21.178986,-175.198242,Tonga,2911.0,3274.0,3684.0,4301.0,4604,3954,3752,1488.0,1718.0,1981.0,2324.0,2500,2158,2048,1423.0,1556.0,1703.0,1977.0,2104,1796,1704
780,TT,TTO,Trinidad and Tobago,Trinidad a Tobago,10.691803,-61.222503,Trinidad and Tobago,50666.0,45994.0,41753.0,44812.0,48226,50021,59249,23528.0,21303.0,19288.0,20647.0,23152,24464,29114,27138.0,24691.0,22465.0,24165.0,25074,25557,30135
784,AE,ARE,United Arab Emirates (the),Spojené arabské emiráty,23.424076,53.847818,United Arab Emirates,1306574.0,1824118.0,2447010.0,3281115.0,7316697,7995126,8587256,931959.0,1309868.0,1757200.0,2388299.0,5463446,5890170,6326020,374615.0,514250.0,689810.0,892816.0,1853251,2104956,2261236
788,TN,TUN,Tunisia,Tunisko,33.886917,9.537499,Tunisia,37984.0,37867.0,36719.0,35040.0,43172,56532,57455,18900.0,19045.0,18679.0,18000.0,22236,29253,29744,19084.0,18822.0,18040.0,17040.0,20936,27279,27711
792,TR,TUR,Turkey,Turecko,38.963745,35.243322,Turkey,1163686.0,1216173.0,1280963.0,1319236.0,1367034,4346197,5876829,577329.0,593938.0,616007.0,618938.0,625960,2390166,3258212,586357.0,622235.0,664956.0,700298.0,741074,1956031,2618617
795,TM,TKM,Turkmenistan,Turkmenistán,38.969719,59.556278000000006,Turkmenistan,306500.0,273565.0,219067.0,213053.0,197979,196376,195127,134174.0,132122.0,102810.0,101214.0,90634,91531,92240,172326.0,141443.0,116257.0,111839.0,107345,104845,102887
796,TC,TCA,Turks and Caicos Islands (the),Turks a Caicos,21.694025,-71.797928,Turks and Caicos Islands,5062.0,7039.0,9015.0,13115.0,17216,22719,24534,2620.0,3643.0,4665.0,6787.0,8907,11755,12695,2442.0,3396.0,4350.0,6328.0,8309,10964,11839
798,TV,TUV,Tuvalu,Tuvalu,-7.109535,177.64933,Tuvalu,318.0,263.0,218.0,209.0,220,230,238,180.0,148.0,121.0,115.0,121,126,131,138.0,115.0,97.0,94.0,99,104,107
800,UG,UGA,Uganda,Uganda,1.373333,32.290275,Uganda,544273.0,606987.0,584280.0,593308.0,492930,851175,1734166,283337.0,308281.0,290859.0,292130.0,241903,415845,836620,260936.0,298706.0,293421.0,301178.0,251027,435330,897546
804,UA,UKR,Ukraine,Ukrajina,48.379433,31.16558,Ukraine,6892920.0,6172338.0,5527087.0,5050302.0,4818767,4915142,4964293,2953603.0,2644845.0,2368364.0,2168060.0,2072474,2113924,2135064,3939317.0,3527493.0,3158723.0,2882242.0,2746293,2801218,2829229
807,MK,MKD,Republic of North Macedonia,Severní Makedonie,41.608635,21.745275,North Macedonia,95142.0,109343.0,125665.0,127667.0,129701,130730,131175,39661.0,45581.0,52385.0,53220.0,54067,54496,54682,55481.0,63762.0,73280.0,74447.0,75634,76234,76493
818,EG,EGY,Egypt,Egypt,26.820553000000004,30.802498,Egypt,173833.0,166955.0,184774.0,285006.0,310017,353641,504053,91995.0,88545.0,98224.0,165211.0,174104,207433,271048,81838.0,78410.0,86550.0,119795.0,135913,146208,233005
826,GB,GBR,United Kingdom of Great Britain and Northern Ireland (the),Spojené království Velké Británie a Severního Irska,55.378051,-3.435973,United Kingdom,3650286.0,4155293.0,4730165.0,5926156.0,7119664,8411569,9552110,1756448.0,1978711.0,2228628.0,2818177.0,3454456,4023771,4581996,1893838.0,2176582.0,2501537.0,3107979.0,3665208,4387798,4970114
833,IM,IMN,Isle of Man,Ostrov Man,54.236107,-4.548056,Isle of Man,34769.0,36886.0,39002.0,41475.0,43447,42238,42864,16371.0,17548.0,18725.0,20214.0,21361,20596,20901,18398.0,19338.0,20277.0,21261.0,22086,21642,21963
834,TZ,TZA,"Tanzania, United Republic of",Tanzanie,-6.369028,34.888822,United Republic of Tanzania,574025.0,1106043.0,949600.0,771153.0,309847,384567,509166,283390.0,547089.0,481816.0,486983.0,154591,190617,251424,290635.0,558954.0,467784.0,284170.0,155256,193950,257742
840,US,USA,United States of America (the),Spojené státy americké,37.09024,-95.712891,United States of America,23251026.0,28451053.0,34814053.0,39258293.0,44183643,48178877,50661149,11372985.0,14032159.0,17310785.0,19614878.0,21694169,23446873,24488382,11878041.0,14418894.0,17503268.0,19643415.0,22489474,24732004,26172767
850,VI,VIR,Virgin Islands (U.S.),Americké Panenské ostrovy,18.335765,-64.896335,United States Virgin Islands,51970.0,54241.0,56611.0,56647.0,56684,56721,56745,24824.0,25760.0,26730.0,26726.0,26722,26728,26740,27146.0,28481.0,29881.0,29921.0,29962,29993,30005
854,BF,BFA,Burkina Faso,Burkina Faso,12.238333,-1.561593,Burkina Faso,349652.0,464104.0,520363.0,597658.0,674438,704676,718338,167834.0,223156.0,250555.0,285871.0,320939,335328,341830,181818.0,240948.0,269808.0,311787.0,353499,369348,376508
858,UY,URY,Uruguay,Uruguay,-32.522779,-55.765835,Uruguay,98116.0,93428.0,88874.0,82317.0,76303,78799,81482,45830.0,43427.0,41095.0,37658.0,34535,35642,36988,52286.0,50001.0,47779.0,44659.0,41768,43157,44494
860,UZ,UZB,Uzbekistan,Uzbekistán,41.377491,64.585262,Uzbekistan,1653000.0,1512577.0,1406498.0,1329932.0,1220149,1170873,1168384,723618.0,657490.0,606163.0,589690.0,558379,545721,545048,929382.0,855087.0,800335.0,740242.0,661770,625152,623336
862,VE,VEN,Venezuela (Bolivarian Republic of),Venezuela,6.42375,-66.58973,Venezuela (Bolivarian Republic of),1025009.0,1019996.0,1013738.0,1076474.0,1347347,1404448,1375690,517579.0,513473.0,508682.0,538197.0,676261,703458,685975,507430.0,506523.0,505056.0,538277.0,671086,700990,689715
876,WF,WLF,Wallis and Futuna,Wallis a Futuna,-13.768752,-177.156097,Wallis and Futuna Islands,1402.0,1704.0,2015.0,2191.0,1624,1052,1022,726.0,872.0,1018.0,1107.0,820,531,516,676.0,832.0,997.0,1084.0,804,521,506
882,WS,WSM,Samoa,Samoa,-13.759029,-172.10462900000005,Samoa,3357.0,4694.0,5998.0,5746.0,5122,4252,4035,1771.0,2451.0,3101.0,2940.0,2594,2148,2038,1586.0,2243.0,2897.0,2806.0,2528,2104,1997
887,YE,YEM,Yemen,Jemen,15.552727,48.516388,Yemen,118863.0,136515.0,144940.0,171871.0,288394,379882,385628,67010.0,77832.0,80514.0,98879.0,156123,199390,202414,51853.0,58683.0,64426.0,72992.0,132271,180492,183214
894,ZM,ZMB,Zambia,Zambie,-13.133897,27.849332,Zambia,279463.0,244338.0,343703.0,252895.0,149962,132107,170249,143029.0,125329.0,175114.0,128628.0,75941,66651,86098,136434.0,119009.0,168589.0,124267.0,74021,65456,84151
